{
  "source": "data/maarsy_dataset_jopek_dh_reduced.h5",
  "group": "merge_factor_128",
  "count": 12496,
  "fields": [
    "a_au",
    "e",
    "i_deg",
    "omega_deg",
    "Omega_deg",
    "nu_deg",
    "epoch_day",
    "mass_to_area_kg_per_m2",
    "n_members",
    "q_au",
    "vg_km_s"
  ],
  "recordFloat32Count": 11,
  "binary": "merge_factor_128.bin",
  "epochUnixSecond0": 1600009586.8076248,
  "parameters": {
    "vg_km_s": [
      0.0,
      72.0
    ],
    "a_au": [
      0.02091386016061468,
      14501.28815338219
    ],
    "e": [
      0.022278898556642703,
      324373.29406814015
    ],
    "i_deg": [
      1.7183318312777776,
      178.37680466908108
    ],
    "omega_deg": [
      0.011836881702160722,
      359.9957647704359
    ],
    "Omega_deg": [
      0.017612320245016515,
      359.9709158436506
    ],
    "q_au": [
      1.3436222321005472e-05,
      7730.686547053014
    ],
    "mass_to_area_kg_per_m2": [
      0.0044710757375951244,
      0.6528893647367122
    ],
    "n_members": [
      54.0,
      128.0
    ]
  },
  "defaultColorParameter": "i_deg",
  "invalidRadiantCount": 2
}
